7|admin|admin@gmail.com|Admin|5434523542|e10adc3949ba59abbe56e057f20f883e|admin|active|20191129164102|20191129164108
6|tuyetnhu|Tuyetnhu@gmail.com|Hong Tuyet Nhu|4532544534|d41d8cd98f00b204e9800998ecf8427e|member|inactive|20191129162921|20191129215237
5|ngannguyen|Ngannguyen@gmail.com|Nguyen Ngan|2342342342|e10adc3949ba59abbe56e057f20f883e|member|inactive|20191129162854| 
4|nguyenhongtruc|Hongtruc@gmail.com|Nguyen Hong Truc|2342342342|e10adc3949ba59abbe56e057f20f883e|member|inactive|20191129162830| 
3|hoangkhang|Hoangkhang@gmail.com|Tran Hoang Khang|2342342342|e10adc3949ba59abbe56e057f20f883e|member|inactive|20191129162810| 
2|hoanganh|Hoanganh@gmail.com|Tran Hoang Anh|9234234242|e10adc3949ba59abbe56e057f20f883e|member|active|20191129162659|20191129215227
1|thuytien|Thuytien@gmail.com|Dinh Thuy Tien|2394234283|e10adc3949ba59abbe56e057f20f883e|member|active|20191129162622|20191129215225
